Andrew Parker |***| upstream/bug/enable_com_timeseries_postprocessing
Andrew Parker |***| upstream/com_remove_hardcoded_reporting_measures
Andrew Parker |***| upstream/feature/add_args_to_reporting_measures
Andrew Parker |***| upstream/feature/aws_with_custom_gems
Andrew Parker |***| upstream/feature/enable_os_3x_w_custom_gems
Andrew Parker |***| upstream/fix/postproc_mem_errs
Andrew Parker |***| upstream/fix_com_docker
Andrew Parker |***| upstream/local_docker_custom_gems
Andrew Speake |***| upstream/ts_output_file
Anthony Fontanini |***| upstream/la100
Joe Robertson |***| upstream/restructure-v3
Khanh Ng |***| origin/local_docker_test
Matt Mitchell |***| upstream/mmitchel/enable-com
Nathan Moore |***| upstream/v3-workflow-measures
Noel Merket |***| origin/develop
Noel Merket |***| upstream/HEAD
Noel Merket |***| upstream/awsbatch
Noel Merket |***| upstream/develop
Noel Merket |***| upstream/docs_deploy_fix
Noel Merket |***| upstream/gh-pages
Noel Merket |***| upstream/github_actions
Noel Merket |***| upstream/gluetransform
Noel Merket |***| upstream/hescore-hacks
Noel Merket |***| upstream/issue-164
Noel Merket |***| upstream/localdocker_linux_permissions
Noel Merket |***| upstream/new_ecs_ami
Noel Merket |***| upstream/patch_20_1
Noel Merket |***| upstream/rHorsey/fix-create-env-script
Noel Merket |***| upstream/read_the_docs
Noel Merket |***| upstream/source_activate_dep_warning
Noel Merket |***| upstream/tony_postfix
Noel Merket |***| upstream/tonys_postfix
Noel Merket |***| upstream/v0_19_patch
Praprost |***| upstream/scout-reporting-measure-abc
Rajendra Adhikari |***| upstream/custom_gem_resstock_patch
Rajendra Adhikari |***| upstream/s3_validate
Rajendra Adhikari |***| upstream/schedule_aggregation
Rajendra Adhikari |***| upstream/validate_s3
aspeake |***| upstream/restructure-v3-flex
aspeake1 |***| upstream/restructure-v3-hes
aspeake1 |***| upstream/validate-weather
rHorsey |***| upstream/rHorsey/localdocker-customgems
rHorsey |***| upstream/rHorsey/os32-custom-gem-patch
wta12 |***| origin/wsl_dev
